id1,id2
0,0
0,1
0,1701
0,1430
0,1166
1,1
1,332
1,470
1,1231
2,2
2,3
2,2582
2,441
2,665
2,2034
2,45
3,10
4,595
4,4
4,5
4,2263
4,2248
4,2173
4,223
5,466
5,2172
5,2018
5,5
6,1750
6,1025
6,74
6,30
6,6
7,8
7,833
8,8
8,327
8,2451
8,101
9,9
9,2614
9,1095
10,10
10,306
11,2034
11,11
11,979
12,1001
12,12
12,2221
12,1318
12,2543
13,1441
13,1810
13,13
14,45
14,775
14,1336
14,2667
14,2493
14,14
14,15
15,16
15,640
15,2034
15,2501
15,395
15,15
16,16
16,17
16,2450
16,2196
16,464
16,358
17,17
17,1316
17,1301
17,927
17,2159
18,1512
18,18
18,19
18,133
18,103
18,1624
18,505
19,1937
20,370
20,20
20,21
20,2270
20,189
21,1920
21,2333
21,22
22,1877
22,22
22,151
22,1160
22,1702
22,2238
23,24
23,2157
24,2642
24,2139
24,2676
24,24
24,1636
24,143
24,1628
24,2383
25,2016
25,25
25,1403
25,2508
25,724
26,1521
26,99
26,2455
26,26
26,27
26,2252
26,122
27,224
27,531
27,2372
27,27
27,28
27,1663
28,246
29,258
29,43
29,29
30,34
30,405
30,1080
30,1259
30,61
30,30
31,32
31,1165
32,32
32,33
32,242
32,1652
32,2105
32,1914
33,33
33,2001
33,2117
33,2042
33,1032
33,218
33,442
33,893
33,286
33,1999
34,35
35,35
35,2404
35,1987
35,2367
36,1505
36,306
36,36
36,517
36,1089
36,2209
36,109
36,2094
37,1184
37,2425
37,37
37,38
37,55
38,38
38,39
38,2534
38,2330
38,733
38,2671
39,1697
39,2310
39,39
39,2648
39,1096
39,1964
39,2605
39,94
40,40
40,41
40,1702
40,1918
40,1049
41,2176
41,1296
41,2407
41,41
41,42
41,2334
42,842
42,43
42,1393
43,963
43,884
43,89
43,43
43,44
43,2350
43,2493
44,946
44,44
44,366
44,1151
45,486
45,1692
45,45
45,78
45,2685
46,1738
46,902
46,46
47,559
47,1667
47,47
48,48
48,49
48,1666
48,148
48,2521
48,788
48,2122
48,1951
48,2493
48,143
49,50
49,86
50,241
51,51
51,421
51,710
51,2472
51,457
51,1903
52,52
52,53
52,1628
52,2170
52,2172
52,2202
53,72
53,616
53,59
53,53
54,104
54,873
54,54
55,65
55,2083
55,228
55,323
55,1229
55,210
55,947
55,436
55,55
55,88
55,2681
56,56
56,1616
56,1507
56,412
56,1665
57,2416
57,58
58,1154
59,1808
59,557
59,2443
59,534
59,105
59,1721
59,170
59,59
59,538
59,1229
60,2425
60,210
60,60
60,61
60,1190
61,149
61,88
61,74
61,61
61,1333
62,2081
62,63
63,2501
64,64
64,65
64,1763
64,1358
64,1737
65,65
65,66
65,771
65,1828
65,1013
65,984
65,2021
65,95
65,239
66,2539
67,692
67,2155
67,67
67,68
67,747
68,72
68,1108
68,68
68,71
69,1797
69,262
69,454
69,2620
69,1914
69,175
69,70
69,2045
69,69
70,2179
70,2180
70,71
71,611
71,2691
71,71
72,72
73,800
73,1187
73,1189
73,73
73,876
73,1902
73,337
73,915
73,1358
73,565
73,90
73,1950
73,1765
74,544
74,497
74,1042
74,2499
74,280
74,74
74,75
74,2526
74,399
75,84
75,2549
75,76
75,75
75,284
76,88
76,2164
76,76
76,2467
77,2147
77,77
77,2079
78,733
78,2350
78,78
78,79
79,80
79,2026
79,716
80,80
80,1223
80,964
80,2046
81,81
81,315
81,1742
81,1358
81,257
82,82
82,1050
82,725
83,449
83,83
83,1103
84,2224
84,2419
84,84
84,85
84,583
85,104
85,1608
85,2147
85,85
86,897
86,196
86,86
86,695
87,88
87,2217
87,1914
87,118
87,87
88,2688
88,514
88,323
88,471
88,711
88,331
88,130
88,1358
88,1743
88,272
88,2392
88,211
88,1309
88,277
88,88
88,89
88,2202
88,1755
88,733
88,415
88,162
88,2278
88,2025
88,429
88,701
88,2225
88,2034
88,1975
88,2071
89,897
89,2434
89,963
89,933
89,2698
89,1442
89,89
89,1369
89,90
89,2367
89,1401
90,1763
90,2405
90,90
90,91
90,156
91,2001
91,2123
91,2122
91,2598
91,91
91,92
91,1773
91,429
92,898
92,93
92,2295
93,437
93,231
93,1224
93,523
93,93
93,94
94,1218
94,362
94,2263
94,1907
94,2356
94,1143
94,2424
94,1210
94,218
94,94
95,1758
95,1602
95,2182
95,2183
95,456
95,525
95,2062
95,334
95,408
95,2201
95,239
95,734
95,95
95,96
95,100
95,552
95,746
95,2029
95,1519
95,1204
95,1694
95,2486
96,2215
97,344
97,97
97,506
98,99
98,1013
99,99
99,100
99,2454
99,2455
99,122
99,2602
100,101
100,2198
101,2333
101,101
101,111
102,1986
102,1878
102,661
102,102
102,1623
102,505
102,2507
102,124
102,2425
103,1664
103,1927
103,1623
103,103
103,695
103,542
104,104
104,1065
104,864
105,105
105,580
105,1765
105,524
106,107
106,1599
107,1650
107,971
107,647
107,107
107,108
108,1504
108,2024
108,108
108,1483
109,454
109,353
109,2604
109,1358
109,2001
109,2450
109,2325
109,1624
109,135
109,1953
109,1251
109,1959
109,231
109,236
109,109
109,112
109,114
109,563
109,2423
109,1784
109,306
109,317
109,126
109,191
110,1986
110,565
110,2367
110,2268
110,2130
110,110
110,111
111,112
111,2421
111,1885
111,1960
111,2175
111,188
111,111
112,112
112,113
112,306
112,2668
112,126
113,113
113,282
113,747
113,249
114,610
114,353
114,114
114,115
115,176
116,1074
116,116
116,389
117,259
117,117
117,2645
118,161
118,2306
118,643
118,1579
118,1029
118,903
118,156
118,2282
118,255
118,2445
118,1230
118,2191
118,661
118,118
118,119
118,2009
118,1211
118,412
118,446
118,1013
119,132
119,645
119,119
119,120
119,602
119,1901
119,2702
120,816
120,1912
120,436
120,120
120,478
121,2305
121,2463
121,1158
121,121
121,122
121,1307
121,1260
121,589
121,2383
122,122
122,123
123,672
123,2454
123,123
123,124
123,127
124,1424
124,306
124,1236
124,124
124,126
125,2216
125,442
125,125
126,1776
126,306
126,133
126,126
127,128
128,128
128,129
128,610
128,1354
128,1408
128,2365
129,193
129,130
129,1691
130,130
130,162
130,1526
131,2169
131,131
131,683
132,2024
132,132
132,133
132,2309
132,904
132,2031
133,544
133,306
133,133
133,1767
133,153
133,426
133,139
133,303
134,350
134,135
135,137
135,831
135,135
136,137
136,2100
137,406
137,137
137,138
137,2327
137,2095
138,138
138,139
138,337
138,153
139,306
139,1623
139,1560
139,153
139,139
139,239
140,1792
140,1952
140,140
141,1002
141,2662
141,141
141,142
141,158
142,1616
142,347
142,142
142,525
143,144
143,598
143,143
144,144
144,145
144,213
144,2192
144,1290
145,145
145,146
145,1701
145,1287
145,1593
145,1959
145,1165
146,146
146,405
146,465
146,305
146,1275
146,210
147,1129
147,147
147,502
148,2291
148,148
148,149
148,2518
148,378
148,381
149,305
149,2178
149,149
149,150
149,1121
150,352
150,875
150,220
150,150
151,160
151,627
151,1955
151,151
152,152
152,436
152,627
152,1372
152,963
153,1623
153,153
153,236
153,314
154,2336
154,2500
154,326
154,263
154,1358
154,1999
154,2385
154,2645
154,1848
154,154
154,155
154,1754
155,817
155,2671
155,2324
155,155
155,156
155,1358
155,2463
156,817
156,170
156,156
156,157
157,2309
157,855
157,157
157,158
157,165
158,1986
158,159
158,2034
158,158
159,160
159,482
159,775
160,160
160,267
160,2201
160,553
160,745
160,1358
161,2016
161,161
162,498
162,163
162,1929
162,162
162,2381
163,1579
164,164
164,2309
164,1079
165,169
165,2187
165,165
165,598
166,2280
166,2619
166,166
167,168
167,1577
167,2437
167,840
167,167
168,168
168,169
168,2438
168,1056
169,170
169,1986
170,171
171,171
171,180
171,790
171,1703
172,512
172,240
172,756
172,2071
172,172
172,173
173,290
173,1653
173,173
173,174
173,687
174,2593
174,534
174,1725
174,174
174,175
175,496
175,1364
175,1351
175,1112
175,551
175,231
175,175
176,176
176,177
176,179
176,236
177,177
177,178
177,2679
177,1257
177,1533
177,831
178,2600
179,201
179,2122
179,179
179,180
180,1457
180,2034
180,180
180,181
180,429
180,218
180,316
180,482
180,1701
181,262
181,181
181,182
181,1464
181,334
182,997
182,183
183,1683
183,997
183,183
184,185
184,2045
185,186
185,2379
185,2685
186,1536
186,2624
186,2034
186,2293
186,2137
186,186
186,187
186,972
187,2464
188,2168
188,188
189,564
189,189
189,1262
189,2117
190,2105
190,2282
190,190
191,306
191,995
191,1609
191,2538
191,191
191,415
192,456
192,193
193,194
193,1122
194,194
194,243
194,1225
194,1081
195,195
195,2151
196,332
196,286
196,196
196,197
197,232
197,2410
197,197
197,231
198,1308
198,199
199,200
199,349
199,1701
200,201
200,2674
200,2676
201,2512
201,598
201,297
201,201
201,570
201,205
202,328
202,2315
202,202
202,467
202,1173
203,1762
203,470
203,203
203,204
203,258
203,205
204,300
205,205
206,2184
206,1310
206,206
207,208
207,345
208,269
209,210
209,2594
210,1729
210,1346
210,1960
210,1356
210,461
210,210
210,211
210,1914
211,211
211,498
211,1677
212,1705
212,213
213,213
213,214
213,537
213,1593
214,2194
215,216
215,232
215,236
215,215
216,217
216,1005
217,217
217,2648
217,243
217,473
218,219
218,2341
218,1997
218,1741
218,2130
218,2291
218,1335
218,281
218,218
218,2075
219,219
219,251
220,672
220,220
220,221
222,702
222,223
223,1986
223,357
223,223
224,224
224,382
225,226
225,1146
226,231
227,609
227,227
227,1358
228,417
228,244
228,229
228,2422
228,228
228,687
229,1889
229,229
229,230
229,2375
229,1894
229,1701
230,351
230,1653
230,230
230,394
230,511
230,396
231,231
231,232
231,2217
231,519
231,2412
231,2117
232,2276
232,232
232,235
232,1701
233,234
233,2604
234,1552
234,826
234,235
236,2048
236,2504
236,1802
236,236
236,237
236,306
236,244
236,2076
237,2518
238,1828
238,239
239,994
239,1131
239,728
239,493
239,239
239,1848
239,306
239,405
239,2616
239,1628
240,240
240,241
240,512
240,256
242,242
242,436
242,2466
242,2670
243,243
243,244
243,1701
243,1532
244,244
244,245
244,312
244,2476
245,2402
245,1510
245,246
246,1873
246,246
246,289
246,936
246,247
247,1862
248,248
248,249
248,1962
248,443
249,249
249,1526
249,2534
250,2427
250,251
251,251
251,900
251,507
252,490
252,252
252,2213
252,1370
252,277
253,338
253,253
253,254
253,2429
254,507
254,255
255,256
255,388
255,836
255,1529
255,255
257,257
257,2434
257,734
257,2097
258,2611
258,258
258,259
258,761
258,1401
258,2394
258,963
259,2537
259,260
260,2642
261,318
261,536
261,1902
261,261
261,1542
262,262
263,264
263,296
263,748
263,263
264,448
264,472
264,264
264,265
264,1824
265,371
266,1105
266,266
266,634
266,601
266,2383
267,267
267,268
267,2606
267,2359
268,2113
268,269
268,2221
269,1812
269,843
269,269
269,2494
269,1597
270,304
270,1131
270,279
270,270
270,271
271,299
271,1702
271,2617
271,271
271,783
272,273
273,274
273,1042
273,374
274,2553
274,275
274,1103
275,1307
275,276
275,1703
276,434
276,276
276,333
276,1663
277,2308
277,277
277,278
277,420
277,366
278,2100
279,1920
279,1765
279,838
279,279
279,2344
279,1594
279,1343
279,2122
279,2143
280,280
280,1351
281,2243
281,1670
281,2009
281,2056
281,281
281,1996
281,972
281,1358
282,282
282,540
283,283
283,1260
283,2671
284,2224
284,284
284,285
284,583
285,1976
285,818
285,286
286,286
286,1973
287,288
287,641
288,938
289,289
289,290
289,2476
289,306
290,2064
290,290
290,501
290,536
290,480
291,292
291,503
292,2560
293,2034
293,294
294,2045
294,302
294,295
295,296
295,507
295,1935
296,297
296,1349
297,2160
297,520
297,338
297,297
297,570
298,327
298,298
298,299
298,1213
298,1325
299,2208
299,2304
299,299
299,2383
300,2227
300,300
300,301
300,415
301,758
301,302
301,439
302,306
302,308
302,302
302,303
303,304
303,1367
303,303
304,304
304,305
304,1701
304,518
304,2359
305,306
306,387
306,1798
306,519
306,660
306,409
306,2075
306,1797
306,2080
306,2085
306,426
306,685
306,2096
306,306
306,307
306,308
306,1335
306,2107
306,2492
306,1089
306,836
306,454
306,1072
306,329
306,459
306,2384
306,2643
306,2132
306,1621
306,342
306,1367
306,350
306,1701
306,1248
306,484
306,487
306,2025
306,1623
306,493
306,1776
306,2038
306,887
306,505
306,2297
306,2045
307,496
308,308
308,309
308,406
308,519
308,329
309,453
309,383
309,309
309,733
310,2436
310,1221
310,1542
310,1576
310,2025
310,914
310,336
310,1810
310,310
310,311
310,2200
310,1945
310,1947
310,2237
310,1950
311,1512
311,2034
311,1701
311,311
311,312
311,2283
312,312
312,657
312,1358
313,314
313,2155
314,1986
314,315
315,315
315,1204
315,2292
315,827
315,347
316,480
316,1873
316,1358
316,598
316,1913
316,985
316,316
316,766
316,1902
316,2367
317,384
317,317
318,1337
318,426
318,318
318,341
319,320
319,1839
320,432
320,321
320,525
321,321
321,418
321,1083
321,2386
322,848
322,323
323,323
323,651
323,2418
324,1120
324,2295
324,324
324,325
324,1039
325,438
325,326
325,1013
326,364
326,326
326,333
327,928
327,327
327,328
327,1996
327,2140
328,328
328,1722
328,1358
329,329
329,330
329,961
330,330
330,530
330,1358
330,2001
331,712
331,331
332,1986
332,2696
332,332
332,333
332,397
333,334
334,456
334,334
335,343
335,366
335,335
336,336
336,352
337,337
337,341
337,1214
338,338
338,339
338,1413
339,2376
340,584
340,2225
340,340
341,341
341,342
341,2235
341,1358
341,687
342,945
342,343
343,344
343,1950
344,440
344,470
344,359
344,344
344,1705
345,346
346,347
346,2365
346,357
347,347
347,423
347,348
347,525
348,2658
348,1205
348,1138
348,348
348,349
348,2543
349,2445
349,2428
349,349
350,384
350,417
350,2090
350,910
350,637
350,656
350,719
350,426
350,350
350,2143
351,352
352,352
352,2418
353,353
353,1250
353,1173
354,1803
354,354
354,355
354,659
354,1839
355,1527
356,1394
356,436
356,357
356,2342
356,1218
356,356
356,621
357,513
357,357
357,358
357,2476
359,360
359,2269
359,389
359,359
360,361
360,1810
360,1829
361,1390
362,363
363,2034
364,466
364,1756
364,1317
364,2663
364,364
364,650
364,732
364,365
364,1765
365,2537
365,1475
365,366
366,553
366,366
366,367
367,368
367,505
367,752
368,368
368,1634
368,996
368,2519
368,2248
368,1705
368,2249
368,428
369,369
369,2483
369,2484
370,1936
370,1553
370,370
370,371
370,392
370,2270
371,371
371,661
371,1415
371,392
371,1404
371,1810
371,2591
372,449
372,1018
372,372
372,2365
372,1358
373,625
373,1042
373,373
373,374
373,485
374,2146
374,2148
374,374
374,1849
374,2012
374,509
375,1233
375,706
375,963
375,2401
375,375
376,376
376,377
376,2456
376,553
376,817
377,481
377,377
377,378
377,1531
377,954
377,383
378,379
378,381
379,1903
379,2166
379,904
379,379
379,380
379,541
379,479
380,1986
380,380
380,477
381,450
381,381
381,382
382,608
382,2524
382,382
383,1912
383,2045
383,383
384,384
385,1056
385,385
385,386
385,2483
385,2484
386,386
386,1083
386,2588
386,770
387,387
387,388
387,2022
387,551
388,1713
388,2290
388,388
389,704
389,2497
389,1282
389,1523
389,389
389,1483
389,1701
390,2379
390,391
391,616
391,2628
391,2678
391,391
391,392
391,460
392,1441
392,392
392,393
392,1415
392,1826
393,2162
394,577
394,1529
394,394
394,395
394,1518
395,395
395,765
396,396
396,2509
397,2095
397,397
397,1558
397,2613
398,644
398,2534
398,398
399,400
399,1088
399,1505
399,452
399,544
399,399
400,1183
401,864
401,401
401,435
401,411
401,733
401,767
402,402
402,403
402,1542
402,776
402,2075
402,812
402,507
403,403
403,526
403,616
403,2283
403,2236
403,1037
403,1966
403,2447
404,2492
404,1170
404,404
405,738
405,405
406,2144
406,573
406,406
407,1624
407,2576
407,695
407,2516
407,407
408,2000
408,423
408,408
408,2071
408,415
408,734
409,409
409,459
409,589
409,695
410,410
410,2356
410,2350
411,411
411,2601
411,1054
411,2137
412,412
412,413
412,447
413,846
414,496
414,415
415,815
415,737
415,1013
415,490
415,525
415,2669
415,1869
415,2456
415,2197
415,1178
415,666
415,415
415,860
415,1309
415,1269
416,416
416,467
416,598
417,417
417,418
417,773
417,617
417,2495
419,2250
419,420
420,421
420,1255
421,457
421,422
422,1608
423,1602
423,803
423,456
423,423
423,424
424,425
424,461
424,433
425,533
426,452
426,487
426,426
426,1015
426,556
427,513
427,2450
427,427
428,2176
428,2451
428,837
428,2679
428,428
428,429
429,1531
429,2406
429,748
429,2039
429,429
429,430
429,733
429,1336
429,2450
429,949
429,1481
429,788
429,794
429,2427
429,442
430,2128
431,2695
431,2636
431,431
432,432
432,2275
433,433
433,512
434,2449
434,434
434,435
434,1313
434,1628
434,2349
435,435
435,2219
435,2553
436,897
436,2405
436,2503
436,1842
436,490
436,436
436,1810
436,1935
436,756
436,1973
436,729
436,527
436,478
437,1907
437,1652
437,437
437,438
437,645
438,897
438,2034
438,438
438,439
438,1416
438,651
439,440
439,2657
440,1187
440,2024
440,440
440,441
440,2395
440,728
440,895
441,451
441,581
441,2472
441,1642
441,1131
441,2189
441,1455
441,530
441,661
441,441
441,2270
442,698
442,665
442,442
442,588
442,2122
443,443
443,1966
443,463
444,2080
444,2464
444,515
444,2548
444,1157
444,1795
444,1978
444,444
444,2287
445,1986
445,445
445,1013
446,2030
446,454
446,446
446,447
447,448
447,1013
447,2120
447,539
447,447
448,448
448,449
448,645
449,449
449,450
449,2612
449,558
450,451
450,1729
451,451
451,661
451,989
452,2679
452,452
452,459
453,1072
453,1278
453,453
453,454
454,454
454,2190
454,847
454,1926
454,1914
454,671
454,540
455,456
455,2577
455,658
455,1684
455,455
456,544
456,456
456,457
456,1580
456,2349
456,2034
456,1973
457,710
457,457
457,458
457,2414
458,2688
458,459
458,473
458,2136
458,458
458,2363
458,1468
458,2206
459,519
459,459
459,460
460,1201
460,1986
460,460
461,461
462,2333
462,463
463,464
463,1234
463,759
463,1906
463,463
464,464
464,465
464,1940
464,580
465,465
465,1972
465,469
465,1097
465,2427
466,466
466,467
466,2616
466,1358
467,873
467,467
468,2692
468,573
468,468
468,469
468,541
469,923
469,469
469,1997
470,854
470,470
470,471
471,506
471,471
472,1543
472,472
472,2585
472,474
472,1579
472,1183
472,2638
472,1103
473,473
473,1986
473,1686
474,475
475,485
476,2545
476,963
476,852
476,487
476,519
476,476
476,477
477,477
477,1959
478,2217
478,478
478,479
479,480
479,1526
480,480
480,481
480,565
480,760
480,687
481,481
481,482
481,1973
481,1164
482,962
482,2552
482,809
482,1810
482,482
482,1822
482,733
483,816
483,498
483,483
483,1842
483,1959
484,608
484,2160
484,980
484,485
484,1623
484,484
484,1705
485,485
485,486
485,2280
485,1322
486,486
486,487
486,2408
486,2075
486,1020
487,608
487,2502
487,487
487,488
487,2028
487,1772
487,638
487,1623
487,958
488,489
488,515
489,489
489,2451
489,501
489,1041
490,2256
490,610
490,555
490,516
490,868
490,490
490,491
490,510
491,2135
492,688
492,2372
492,2677
492,726
492,1257
492,492
492,493
493,1986
493,493
494,723
494,495
495,1328
495,2161
495,537
495,495
496,496
496,497
498,498
498,696
498,2045
498,718
499,817
499,499
499,2649
500,501
500,2399
501,502
502,666
502,502
502,2226
503,504
503,2283
503,574
503,503
504,504
504,600
504,666
504,2394
505,1955
505,548
505,2505
505,2163
505,1623
505,505
505,506
505,644
506,596
506,506
506,507
506,1914
507,2594
507,507
507,1413
507,1542
507,776
507,812
507,866
507,1300
507,508
508,1776
509,509
509,510
509,2486
510,530
510,1476
510,510
511,549
511,511
512,512
512,513
512,574
513,513
513,565
514,816
514,514
514,515
514,2407
514,1978
514,621
515,584
515,515
515,516
515,2465
515,2148
516,517
516,661
517,2546
517,518
518,1362
518,518
518,519
518,1850
519,708
519,1701
519,519
519,520
519,521
519,1066
519,563
519,695
519,542
521,522
522,975
523,705
523,523
523,524
523,2043
524,2388
524,1303
524,552
524,524
525,1467
525,2182
525,525
525,526
525,2576
525,593
525,1042
525,1914
525,1628
525,734
526,1154
526,1067
526,527
526,526
526,687
527,528
527,2180
528,2100
529,529
529,530
529,963
529,2259
529,1417
530,530
531,531
531,2559
532,547
532,532
532,2582
533,580
533,533
534,883
534,534
534,662
535,936
535,2451
535,535
536,536
537,1593
537,537
537,538
537,2253
539,644
539,586
539,539
539,540
540,2080
540,1538
540,585
540,540
541,2480
541,541
541,1566
541,2461
542,1144
542,556
542,542
543,619
543,1068
543,543
544,544
544,586
544,667
544,1692
545,2216
545,546
546,547
546,2125
546,1542
547,548
547,637
548,1938
548,548
548,1671
548,2680
548,1115
549,2034
549,1810
549,549
549,2118
550,1836
550,551
551,552
552,2406
552,552
552,553
553,2469
553,743
553,553
553,554
553,745
554,554
554,581
554,1358
554,573
555,556
556,557
558,1136
558,834
558,876
558,2322
558,558
558,559
559,1183
559,844
559,559
560,560
560,1505
560,2220
561,562
561,595
562,704
562,562
562,563
562,2597
562,969
563,563
563,633
563,610
564,1072
564,1169
564,564
564,565
565,2183
565,687
565,2648
565,565
565,566
565,1528
565,2491
565,1692
565,2654
566,673
566,567
567,1072
567,2358
567,1894
567,567
567,760
567,1161
567,1703
567,687
568,568
568,569
568,2276
568,1224
568,576
569,570
569,1684
569,1358
570,571
571,696
571,572
571,1570
572,572
572,1293
572,718
572,671
573,643
573,2472
573,573
573,574
574,665
574,574
575,576
575,2164
576,576
576,2407
576,2120
576,1692
577,577
577,2275
577,1129
577,849
577,2351
577,1063
577,1095
577,906
577,1119
578,809
578,578
578,1092
578,661
578,737
579,835
579,2155
579,579
579,580
579,2034
580,609
580,1154
580,580
580,581
580,823
580,1710
581,608
581,581
581,582
581,1402
581,2045
582,623
582,582
582,583
583,583
583,584
583,2222
584,2289
584,584
584,623
584,2463
585,586
586,675
586,1079
586,586
586,1116
587,1952
587,588
588,627
588,808
588,698
588,588
588,589
589,802
589,814
589,589
589,590
590,648
590,1128
590,591
591,2704
591,2450
591,1475
591,1692
591,642
591,591
592,593
592,2667
593,593
593,2707
593,809
594,594
594,932
594,663
595,595
595,596
595,982
596,644
596,597
596,711
596,596
596,955
596,702
597,1888
597,1042
597,598
598,1473
598,603
598,2501
598,714
598,845
598,2703
598,2706
598,1763
598,598
598,1880
598,605
598,869
598,2659
598,1701
598,1126
598,1641
598,1315
598,1373
598,944
598,2097
598,1440
598,2127
598,2698
598,766
599,1090
599,599
600,601
602,602
602,714
603,699
603,1810
603,1651
603,1590
603,935
603,1418
603,603
603,604
604,1013
604,1519
604,778
604,907
604,604
604,725
605,620
605,605
606,2578
606,2308
606,606
606,2455
606,938
606,2027
606,1662
607,608
607,785
607,1095
607,1701
607,607
608,608
609,1216
609,609
609,629
609,615
609,1243
609,1037
609,2446
610,2288
610,611
610,610
610,1359
610,2285
612,676
612,613
613,616
613,1358
613,614
614,1624
614,1475
614,614
614,2335
615,1742
615,615
616,616
617,617
617,805
618,2096
618,2705
618,618
619,887
619,619
620,1313
620,620
620,621
620,638
621,2024
621,1964
621,621
621,622
622,740
622,2206
622,1400
622,1948
622,622
622,623
623,624
623,2289
623,828
623,1102
623,623
624,653
624,625
624,901
626,626
626,1610
626,645
626,1710
626,2599
627,665
627,627
628,952
628,689
628,628
628,1358
628,687
629,1586
629,629
629,630
629,933
630,671
631,760
631,2356
631,631
632,2520
632,633
633,633
633,1701
633,1862
634,1169
634,634
635,1628
635,636
636,2182
637,637
638,1970
638,1956
638,1046
638,783
638,893
638,638
638,639
639,1986
640,640
640,2351
640,1090
640,1845
640,1848
640,1147
641,642
642,1954
642,643
643,1313
643,643
643,644
643,1070
644,992
644,645
644,644
644,2570
645,1984
645,1314
645,645
645,646
645,974
645,2608
645,755
645,1902
645,2118
646,1537
647,1312
647,1824
647,904
647,647
647,648
647,1311
649,649
649,1019
649,681
650,752
650,651
650,1173
650,732
650,650
650,1035
650,957
651,1224
651,756
651,885
651,1512
651,651
651,1178
652,652
652,854
652,654
653,654
655,656
655,859
655,1245
655,655
656,656
656,1623
657,867
657,2116
657,871
657,2204
657,2599
657,1229
657,2126
657,657
657,2580
657,1528
657,2652
657,1599
658,659
659,1803
659,659
660,660
660,719
661,854
661,1383
661,1353
661,753
661,1571
661,661
661,1914
661,1884
661,1309
661,1269
662,663
663,664
663,2195
664,699
665,665
665,666
665,879
666,666
666,667
666,1373
667,1555
667,667
667,1017
668,816
668,669
669,1124
669,1075
669,669
669,1159
670,2000
670,1348
670,670
671,2538
671,671
672,672
673,673
674,675
674,717
675,676
675,2357
676,676
676,1179
676,2275
677,678
677,2567
678,1583
678,759
678,679
679,2137
680,681
680,731
681,2323
681,1446
681,681
681,682
681,743
682,880
682,778
682,683
683,684
683,1546
684,685
684,686
684,741
686,1738
686,686
687,1092
687,2187
687,687
687,688
687,689
687,1426
687,2168
687,797
688,689
688,956
689,689
689,2154
689,796
689,1358
690,691
690,1132
691,692
691,791
693,2448
693,1781
693,693
693,694
693,734
693,1013
694,1072
694,2530
694,695
695,1779
695,1395
695,948
695,695
695,1336
696,696
696,973
696,2430
697,697
697,738
698,699
698,1068
698,698
698,1051
699,699
699,1490
700,2112
700,701
701,739
701,701
701,702
701,735
702,1377
702,702
702,2070
702,1911
702,2100
702,778
702,779
702,1973
703,704
703,1578
703,2491
703,1470
703,703
704,704
704,705
704,711
704,1016
704,905
704,2218
704,1483
705,706
705,2034
706,706
706,963
706,789
706,1702
706,1443
707,1635
707,708
708,708
708,709
708,710
708,744
708,1724
709,793
709,710
710,710
710,711
711,1616
711,2182
711,711
711,1690
711,973
711,2109
712,712
712,713
712,850
712,1464
713,2309
714,714
714,715
714,1358
715,733
716,1810
716,719
716,716
716,1693
717,718
718,1008
718,1985
718,1419
718,718
719,720
719,1670
719,887
719,719
720,720
720,1415
720,2269
720,750
721,2168
721,722
722,722
722,1524
722,2071
722,1092
722,1111
722,1986
723,723
723,2614
724,1027
724,724
724,725
724,1396
725,755
725,725
725,2264
725,895
726,1071
726,973
726,726
726,727
727,728
727,2570
727,930
728,2306
728,945
728,728
728,1258
729,981
729,1159
729,729
729,730
729,767
730,2177
731,811
731,731
731,901
731,2181
732,819
732,1718
732,1177
732,732
732,733
733,962
733,1219
733,2291
733,1160
733,1986
733,2541
733,1810
733,1171
733,2008
733,1062
733,733
733,2130
733,934
733,2385
733,1065
733,1196
733,1265
733,1395
733,948
733,1912
733,2492
734,736
734,1441
734,1541
734,751
734,1844
734,2199
734,734
735,736
735,739
735,2630
735,1943
735,735
735,2479
736,736
736,737
736,2227
736,1204
736,965
736,1302
736,964
736,861
736,751
737,737
737,818
737,2309
737,743
737,1121
737,1269
738,738
738,739
738,1080
738,1275
739,739
739,1237
739,1958
739,1881
739,2269
740,1336
740,1002
740,740
740,741
741,1089
741,1011
741,741
741,831
742,905
742,754
742,969
742,742
742,743
743,2027
743,1045
743,743
743,744
743,1127
744,821
744,744
744,745
744,957
744,1358
745,792
745,1986
745,1127
745,745
745,746
745,1583
746,1000
746,746
746,1986
747,747
747,1884
747,1131
748,846
748,1224
748,1623
748,748
748,749
748,1358
748,754
748,2286
748,823
748,1368
748,2586
749,1973
749,993
749,749
749,805
750,751
751,1330
751,964
751,751
752,752
752,753
752,1154
753,754
753,890
754,754
754,969
755,2268
755,755
755,756
756,1472
756,2112
756,1538
756,756
756,1416
756,1692
756,1423
757,2324
757,757
757,758
757,847
758,853
758,758
758,2279
758,759
759,760
760,2689
760,2457
760,2265
760,760
760,761
761,762
761,2462
762,763
762,1030
762,1041
763,1851
763,763
763,836
763,2393
764,2124
764,796
764,819
764,764
764,1103
765,894
765,765
765,766
766,766
766,845
767,1708
767,1358
767,767
768,768
768,769
768,1724
768,1358
768,1199
769,1152
770,1049
770,770
771,787
771,2162
771,771
771,1156
772,1916
772,773
773,1072
773,774
774,2526
775,776
775,1358
775,775
776,776
776,812
777,778
777,2062
778,778
778,779
779,830
779,822
779,1110
779,779
779,2541
780,2339
780,781
781,792
781,2403
781,782
782,1610
783,784
783,1441
783,2270
783,2326
783,783
784,1776
784,785
784,869
786,787
786,2623
787,787
787,1667
787,2194
788,1952
788,788
788,789
788,1002
788,942
789,963
789,790
790,795
790,790
790,791
790,1548
790,1807
791,792
791,791
792,961
792,792
792,1465
792,879
793,793
793,844
793,1903
794,794
794,795
794,862
794,863
795,1248
795,795
795,989
796,796
796,998
796,1358
797,819
797,820
797,889
797,876
797,797
797,798
798,1794
798,2485
798,1381
798,828
798,798
798,799
799,2650
800,800
800,820
800,1833
800,889
801,801
801,2517
801,1022
801,1070
801,1961
802,802
802,804
803,803
803,830
804,805
805,1969
805,805
805,806
805,1094
806,1229
806,1037
806,807
807,1168
807,2579
807,807
807,808
807,2235
807,830
808,963
808,808
808,809
808,893
808,2383
809,1396
809,1701
809,809
810,2448
810,811
811,812
811,2493
812,872
812,812
812,877
813,813
813,1934
813,911
814,1158
814,893
814,814
814,911
815,851
815,1487
815,1079
815,1928
815,841
815,815
816,816
816,817
816,2405
816,1842
817,817
817,818
817,913
817,1358
818,819
819,819
819,1238
819,1250
820,820
821,822
822,823
823,1148
823,2372
823,823
823,831
824,825
824,889
825,1040
826,2288
826,1226
826,826
826,1131
827,1986
827,827
827,2156
827,885
828,2289
828,828
828,829
829,1950
830,830
830,831
831,1072
831,2033
831,831
832,1488
832,833
833,833
833,1746
833,1130
833,999
833,2680
833,2682
833,2034
833,2495
834,1224
834,2169
834,834
834,957
835,1585
835,2194
835,835
835,962
836,880
836,1776
836,1346
836,836
836,2402
836,838
837,2394
837,837
837,838
837,1194
838,1131
838,839
838,2523
838,838
838,1195
839,1042
839,2074
839,2198
839,839
840,840
840,1897
841,841
841,1002
842,2010
842,842
842,973
842,1029
843,843
843,1180
843,2555
843,1523
844,1826
844,844
844,845
845,845
846,1101
846,846
846,847
847,848
848,848
848,1073
848,1003
849,849
849,1986
849,870
850,1464
850,850
850,851
850,1359
851,851
851,852
851,1174
851,966
851,995
853,1040
853,873
853,853
853,854
854,2323
854,854
854,1097
854,857
854,973
855,1068
855,855
856,856
856,996
856,2597
857,1097
857,935
857,857
857,858
857,1115
857,1679
858,1874
858,859
858,1139
859,881
859,1443
859,2166
859,2504
859,859
860,860
860,861
860,1358
860,1751
861,2065
861,2331
861,2395
861,861
861,862
862,863
863,1160
863,863
864,864
864,865
865,1920
866,1432
866,866
867,2656
867,867
867,868
867,2437
867,871
867,1229
868,1058
868,868
868,869
868,1224
868,1013
868,1131
868,1115
868,1507
869,869
869,968
869,1701
870,2155
870,2126
870,870
870,871
871,871
871,2439
871,959
872,872
872,873
872,1413
872,877
873,1479
873,873
873,874
873,1708
873,1701
874,1023
875,875
875,1272
875,876
875,1035
875,892
876,882
876,1033
876,2168
876,876
876,877
877,1176
877,918
877,1542
877,877
877,878
878,1142
878,1039
878,878
878,885
879,879
880,880
881,881
881,2515
882,883
883,1041
883,883
883,884
883,973
883,1038
884,885
884,1087
885,1082
885,1667
885,885
885,2326
885,1469
886,2018
886,2394
886,886
887,887
887,888
887,1196
887,910
888,888
888,1017
888,2363
888,1358
889,889
889,890
889,1067
889,1834
890,891
890,1269
891,2177
891,891
891,2660
891,1003
892,892
893,1158
893,893
893,911
894,1090
894,2276
894,894
894,895
895,1188
895,1910
895,1358
895,895
896,897
896,1403
897,897
897,898
897,1121
897,1927
897,1906
897,2622
898,1328
898,898
898,899
898,2359
898,2380
899,899
899,900
899,1542
899,968
899,1708
899,1950
900,2387
900,901
901,901
901,902
901,1580
901,2182
901,1279
902,998
902,902
902,919
903,904
903,2112
903,2436
903,903
904,2080
904,1267
904,904
904,1022
905,905
905,1283
905,969
906,1064
906,906
906,907
906,1063
907,908
907,1535
908,1072
908,1120
908,909
909,1434
910,910
910,1623
910,1069
910,958
911,912
911,1082
911,1051
911,911
912,983
913,914
914,915
914,1942
915,915
915,916
915,1035
915,2413
915,1358
916,1042
917,918
917,1519
918,1996
918,918
918,1869
919,920
920,921
920,1889
920,1073
921,921
921,955
921,2182
921,2291
922,922
922,1444
922,1894
923,924
924,1051
924,1785
924,924
924,1773
925,1949
925,926
926,1701
927,928
927,1315
927,927
928,928
928,2063
928,1325
929,929
929,2625
929,951
930,2569
930,930
930,931
931,2663
932,933
933,933
933,1358
934,2211
934,934
935,1072
935,1028
935,935
935,936
935,2285
936,1216
936,936
936,1162
936,2439
937,1304
937,937
937,938
937,1180
937,1009
938,938
938,2096
939,940
939,2174
940,1827
941,2516
941,942
942,1927
942,943
943,1061
944,945
945,945
945,946
945,1296
945,958
946,1010
946,947
948,2072
948,1012
948,948
949,950
950,1267
950,950
950,1495
951,1250
951,951
952,952
952,2104
953,953
953,954
953,2565
953,2566
953,2567
954,955
954,2129
955,955
955,1402
956,956
956,1439
957,2642
957,2083
957,970
957,1483
957,957
958,958
958,959
960,960
960,961
960,1282
960,2376
960,2457
961,961
961,962
961,1795
961,1358
962,962
962,2147
962,1809
962,1810
962,1806
963,2240
963,2401
963,963
963,964
963,1094
963,1087
963,1443
963,2645
963,1240
963,1530
963,1115
964,964
964,965
964,1693
964,1006
965,965
965,966
965,1391
965,1388
965,2277
967,968
967,1673
968,968
968,2074
969,1282
969,969
969,970
970,998
970,1305
970,970
970,1306
970,2367
971,1113
971,971
972,2360
972,972
972,1325
973,2385
973,1441
973,1986
973,2018
973,2294
973,2025
973,2506
973,1070
973,973
973,974
973,1009
973,1013
975,976
976,977
976,1837
976,1718
977,1358
978,985
978,978
978,1103
979,1952
979,1169
979,1026
979,2163
979,1955
979,979
980,1144
980,980
980,1158
981,981
982,1456
982,1016
982,982
982,983
982,1256
982,2367
984,984
984,985
984,1104
984,1015
985,1426
985,985
985,1373
985,2221
986,1400
986,987
987,2359
988,1195
988,989
989,1507
989,989
989,990
989,1343
990,1176
990,1241
990,990
990,1405
991,992
991,2091
992,993
992,2419
993,1368
993,994
994,994
994,995
994,1204
994,1021
994,1134
995,995
995,1174
996,996
996,2296
996,1194
996,1135
996,1071
997,1837
997,997
997,998
998,2097
998,998
998,999
998,1049
998,1358
999,1000
999,1038
1000,1095
1000,2247
1000,1000
1000,1001
1001,1002
1001,1318
1002,1031
1002,1002
1002,1003
1002,1951
1003,1721
1003,1003
1003,1100
1003,1966
1004,2601
1004,1004
1004,1062
1005,1006
1006,2140
1006,1006
1007,1216
1007,1154
1007,1758
1007,1358
1007,1007
1008,1008
1008,1416
1008,1186
1008,1118
1009,1009
1010,1264
1010,1010
1011,1088
1011,1011
1012,1072
1012,1013
1012,1012
1012,1452
1012,2189
1012,2318
1013,2056
1013,1358
1013,2317
1013,1115
1013,2260
1013,1110
1013,1359
1013,1309
1013,1248
1013,1377
1013,2083
1013,2148
1013,2076
1013,1131
1013,1224
1013,1074
1013,1203
1013,1013
1013,1014
1013,1851
1014,1191
1015,1505
1015,1474
1015,2564
1015,1701
1015,1511
1015,1143
1015,1358
1015,1016
1015,1618
1015,1015
1015,2490
1015,2335
1016,1256
1016,1091
1016,1016
1017,1017
1017,1018
1017,1078
1019,1020
1020,2075
1020,1348
1020,2076
1020,1020
1020,1807
1021,1022
1022,1962
1022,1955
1022,1898
1022,1963
1022,1276
1022,1022
1022,1023
1023,1095
1023,2565
1023,1023
1024,1232
1024,1025
1025,1026
1025,1047
1026,1026
1026,1027
1026,2597
1026,1270
1026,2515
1028,1029
1029,1030
1031,1032
1031,1952
1031,1662
1031,1031
1033,1033
1033,1034
1033,1171
1033,1358
1034,1273
1035,1136
1035,1072
1035,1035
1035,2359
1035,1834
1035,1036
1036,1050
1037,1037
1037,1038
1038,1216
1038,1361
1038,1038
1038,1039
1039,1131
1039,1039
1040,1040
1040,1041
1040,1148
1041,1041
1041,2148
1041,1799
1042,1602
1042,1669
1042,1926
1042,1416
1042,1998
1042,1042
1042,1043
1042,1118
1042,2464
1042,2055
1042,1588
1042,2485
1042,2133
1042,1279
1042,1086
1043,1268
1043,1044
1043,2375
1044,2480
1045,1072
1045,1045
1045,1046
1045,1353
1045,1337
1045,1623
1046,2336
1046,2001
1046,2114
1046,1046
1046,1262
1047,1048
1047,2055
1047,1588
1047,1047
1048,1702
1049,1049
1049,1239
1050,1379
1050,2564
1050,1349
1050,1966
1050,2344
1050,2425
1050,1050
1050,1451
1050,1342
1051,2040
1051,1051
1051,1534
1051,2383
1052,1075
1052,1053
1053,1508
1053,1054
1053,1871
1054,2067
1054,1950
1054,1542
1054,1241
1054,1054
1054,1055
1055,1056
1055,1858
1055,1099
1056,1057
1057,2411
1058,1059
1059,2614
1060,1128
1060,1061
1061,1061
1061,1143
1062,1160
1062,1062
1062,2599
1063,1064
1063,1063
1064,1064
1064,1129
1065,1633
1065,2226
1065,1505
1065,2356
1065,2210
1065,1065
1065,1066
1067,2706
1067,2515
1067,1742
1067,2446
1067,1287
1067,1067
1067,1068
1068,1068
1069,1070
1070,1296
1070,1072
1070,1408
1070,1070
1071,1257
1071,1135
1071,1071
1072,1505
1072,1546
1072,1358
1072,1167
1072,1623
1072,2138
1072,2269
1072,1072
1072,1584
1072,1077
1072,2045
1073,1073
1073,1074
1073,2163
1074,1074
1074,1501
1075,1075
1076,1077
1076,1501
1077,1077
1077,1078
1077,1284
1077,1483
1079,1359
1079,1079
1080,2343
1080,1156
1080,2518
1080,1527
1080,1080
1080,1081
1080,1927
1081,1082
1082,1083
1083,2433
1083,1083
1083,1084
1083,1450
1084,1290
1085,1174
1085,1396
1085,1085
1085,2110
1086,1225
1086,1124
1086,1325
1086,1086
1087,1087
1088,1088
1089,1089
1089,1769
1090,1090
1090,1091
1090,1598
1090,2668
1090,1093
1091,1256
1091,1091
1092,1092
1092,1093
1093,1093
1093,1094
1093,1271
1093,1147
1093,2367
1094,1153
1094,1157
1094,1094
1094,1095
1094,2553
1094,1369
1095,1107
1095,1095
1095,1096
1096,1488
1096,1160
1096,1699
1096,1096
1096,2329
1097,1529
1097,1097
1097,1098
1097,1884
1098,1477
1098,1542
1098,1098
1098,1099
1098,2639
1099,1432
1099,1099
1099,1221
1100,1212
1100,1100
1101,1242
1101,2146
1101,1101
1101,1102
1102,2464
1102,2290
1102,1207
1102,1102
1103,2560
1103,1888
1103,1123
1103,2182
1103,1894
1103,1739
1103,1358
1103,1103
1103,1104
1103,2644
1104,1104
1104,1137
1104,1914
1105,1106
1106,1106
1106,1171
1106,1321
1106,1567
1107,1297
1107,2001
1107,1107
1107,1108
1107,2534
1107,2539
1109,1135
1109,1109
1109,2671
1110,1120
1110,1110
1110,1655
1111,2129
1111,1235
1111,1111
1111,1112
1111,1119
1113,1360
1113,1113
1114,1114
1114,2308
1114,2446
1115,1474
1115,1178
1115,1115
1115,1116
1116,1117
1116,1223
1117,2049
1117,1139
1117,1524
1117,1484
1117,1117
1117,1118
1118,1125
1118,1131
1118,1118
1118,1119
1119,2248
1119,2380
1119,2124
1119,2130
1119,1713
1119,2034
1119,1462
1119,1273
1119,1119
1120,1120
1120,1121
1120,1127
1120,1224
1121,1121
1121,1122
1121,1299
1121,1133
1121,1134
1123,1123
1123,1284
1124,1124
1124,1125
1124,1701
1125,1481
1125,1126
1127,1149
1127,1127
1128,1128
1128,1129
1128,1527
1129,1129
1129,1518
1130,1641
1130,1130
1131,1410
1131,1131
1131,1927
1131,1351
1131,1171
1131,1500
1131,1222
1131,1382
1131,2280
1131,1132
1131,1133
1131,1842
1133,1500
1133,1133
1134,2230
1134,1134
1134,1135
1135,1206
1135,1257
1135,1135
1136,1136
1136,2689
1136,1171
1137,1138
1138,1138
1138,1634
1138,1255
1139,1139
1139,1540
1139,1467
1140,1800
1140,1141
1141,2155
1141,1157
1141,1142
1142,1583
1142,1143
1143,1152
1143,1143
1143,1144
1143,1385
1144,1145
1145,1145
1145,1149
1145,1358
1145,1169
1146,1552
1146,1505
1146,1146
1146,1229
1147,1701
1147,1271
1147,1147
1147,1148
1147,2369
1147,2367
1148,1838
1148,1148
1148,1149
1148,1678
1149,1358
1149,1149
1149,1150
1149,1215
1150,1358
1151,1386
1151,1151
1152,1152
1152,1156
1152,2417
1153,1153
1153,1585
1154,1761
1154,1154
1154,1155
1154,1169
1154,2514
1154,2515
1154,1358
1155,1156
1155,1254
1155,1199
1156,1157
1156,1156
1156,1983
1157,1443
1157,1158
1157,1157
1158,1158
1158,2252
1158,1193
1158,1628
1158,1253
1159,1160
1159,1221
1159,1159
1160,1160
1160,1161
1160,1590
1162,1162
1162,1202
1163,1482
1163,1163
1163,1463
1164,1165
1165,1593
1165,1165
1166,1434
1166,1166
1167,1538
1167,1167
1168,1168
1168,1276
1169,1985
1169,1317
1169,1765
1169,1257
1169,1358
1169,2685
1169,1169
1169,1170
1169,1209
1169,1725
1169,1727
1170,1171
1170,1476
1171,1701
1171,1457
1171,1171
1171,1172
1171,2199
1171,1848
1171,2270
1172,1857
1172,2546
1172,1173
1173,1173
1174,1344
1174,1268
1174,1174
1174,1309
1175,2697
1175,1189
1175,1175
1176,2584
1176,1176
1176,1177
1176,1211
1176,2047
1177,1300
1177,1413
1177,1177
1177,1178
1178,1417
1178,1178
1178,1179
1179,1180
1179,1226
1180,1304
1180,1180
1181,2219
1181,1182
1182,1354
1182,1579
1182,1182
1182,1183
1183,1184
1183,1267
1183,1183
1184,1185
1184,2101
1185,1185
1185,1986
1185,1460
1185,2001
1185,1869
1185,2349
1186,1186
1186,2535
1187,1187
1188,1189
1189,1189
1189,1706
1189,1214
1189,1205
1190,1825
1190,2571
1190,1190
1190,1191
1191,1558
1191,1503
1191,1191
1192,1192
1192,1193
1192,1810
1192,2450
1192,1265
1193,1289
1193,1194
1194,2248
1194,1194
1195,1600
1195,1195
1195,1215
1196,1952
1196,1584
1196,2376
1196,1196
1196,1197
1197,1609
1197,1781
1197,1198
1198,1481
1199,2096
1199,1499
1199,1358
1199,1199
1200,1200
1200,1201
1200,2415
1200,2395
1200,2241
1201,1201
1201,2216
1201,2215
1202,1202
1202,1203
1202,1428
1202,2446
1203,1203
1203,2309
1203,1894
1203,1655
1203,1224
1203,2034
1203,2466
1204,1204
1204,1205
1204,1655
1205,1256
1205,1205
1206,1257
1206,1206
1207,1208
1207,2290
1207,1207
1208,2702
1209,1209
1209,1210
1209,1229
1209,1737
1211,1211
1212,1213
1213,2258
1213,1213
1213,2114
1214,1566
1214,1358
1214,1214
1215,1224
1215,1410
1215,1215
1216,1216
1217,1217
1217,1810
1217,1988
1218,1218
1218,1435
1218,1914
1219,1329
1219,1219
1219,1220
1220,1274
1221,1222
1221,1221
1221,1334
1221,1701
1222,1862
1222,1223
1223,1224
1224,1291
1224,1224
1224,1225
1224,1995
1224,1370
1224,2154
1224,2155
1224,1629
1224,1525
1224,2423
1224,1660
1224,1661
1224,1973
1225,1226
1226,1954
1226,1226
1226,1227
1226,1955
1227,1314
1228,1536
1228,2580
1228,2003
1228,1228
1228,1229
1229,2530
1229,1252
1229,1254
1229,2536
1229,1229
1229,1358
1230,1320
1230,1230
1231,1232
1232,1233
1232,1450
1234,1569
1234,1234
1234,1365
1234,1702
1235,2311
1235,1273
1235,1611
1235,1235
1236,1237
1237,1237
1237,1543
1238,1243
1238,1238
1239,1240
1239,2025
1239,1570
1239,1239
1240,1365
1240,1350
1240,1401
1240,1240
1240,1241
1240,2205
1240,2237
1241,1241
1241,1299
1242,2147
1242,1242
1242,1243
1242,2146
1243,1243
1243,1986
1244,1245
1244,1759
1245,1251
1245,1623
1245,2376
1245,1245
1246,2182
1246,1247
1247,1316
1248,1248
1248,1249
1249,1249
1249,1282
1249,1610
1250,1345
1250,1250
1250,1251
1250,2221
1251,2034
1251,1251
1251,1560
1251,1258
1252,2522
1252,1252
1253,1670
1253,1253
1254,1627
1254,1254
1254,1255
1255,1256
1256,2176
1256,1256
1256,1257
1257,2248
1257,1257
1257,1258
1257,1533
1257,2671
1257,2130
1257,1366
1257,2249
1258,1258
1258,1623
1259,2018
1259,1259
1260,1260
1261,1889
1261,1262
1262,1358
1262,1509
1262,1513
1262,1263
1262,1262
1262,1599
1263,2387
1264,1264
1264,1265
1264,1531
1264,1889
1265,1265
1265,1682
1266,1417
1266,1266
1266,1267
1266,1529
1266,1343
1267,1267
1268,1268
1268,1269
1268,1671
1269,2528
1269,2451
1269,1269
1269,1270
1269,1399
1269,1832
1270,1289
1270,1271
1271,1598
1271,1271
1272,1272
1272,1331
1272,1334
1272,1945
1273,1462
1273,1319
1273,1608
1273,1273
1273,2124
1274,1275
1275,1276
1276,1555
1276,1276
1277,1898
1277,1278
1278,1818
1278,2291
1278,1278
1279,1801
1279,1279
1280,1280
1280,1834
1280,1516
1281,1281
1281,1284
1281,1358
1281,1431
1282,1776
1282,1282
1282,2169
1282,1444
1282,2093
1283,1283
1283,1284
1283,1499
1283,1735
1284,1284
1284,1431
1284,2199
1284,1358
1285,1515
1285,1285
1285,2111
1286,2192
1286,1287
1287,1810
1287,1287
1287,1288
1287,1292
1288,1289
1288,1338
1288,1309
1289,1290
1290,1290
1290,1728
1291,2154
1291,1291
1291,1292
1291,1341
1292,1306
1292,1292
1292,1317
1293,1403
1293,1628
1293,1293
1293,1294
1294,1944
1294,1329
1294,1295
1295,1296
1295,2009
1295,1355
1296,1296
1296,1297
1296,1368
1296,1913
1296,1338
1297,1297
1297,1868
1297,1821
1298,1536
1298,1299
1299,1299
1299,1301
1300,1363
1300,1300
1300,1301
1300,1334
1300,1413
1301,1344
1301,1301
1301,1302
1301,1334
1301,1679
1303,2034
1303,1348
1303,2006
1303,1303
1303,1304
1303,1535
1304,1304
1304,1448
1305,1305
1305,1339
1306,1306
1307,1358
1307,2534
1307,1307
1307,1308
1307,1406
1308,1740
1308,1308
1308,1358
1309,2309
1309,2385
1309,1622
1309,1358
1309,1416
1309,1908
1309,1463
1309,1912
1309,1979
1309,1309
1310,1311
1311,1312
1311,1313
1311,1367
1311,1311
1312,1312
1312,1313
1313,1313
1313,1314
1314,1314
1314,1882
1315,1315
1316,2140
1316,1316
1316,1542
1317,2371
1317,1317
1317,1318
1317,1739
1317,1358
1318,1432
1318,1318
1319,1536
1319,1319
1320,1320
1320,2681
1320,1634
1320,2327
1321,1322
1322,1323
1322,1324
1323,1334
1324,2034
1324,1324
1325,1484
1325,1325
1325,1326
1326,1326
1326,2063
1327,1328
1327,2160
1327,2614
1327,1327
1328,1328
1328,2192
1329,1329
1329,1330
1330,1768
1330,1330
1330,1377
1331,1348
1331,1810
1331,1331
1331,1332
1332,2156
1332,1978
1332,1332
1332,1494
1333,1482
1333,2155
1333,1333
1333,2194
1334,1334
1334,1335
1335,1701
1335,1335
1336,1681
1336,1448
1336,2088
1336,1336
1336,1417
1337,1440
1337,1337
1337,1448
1338,1338
1338,1339
1338,2102
1339,1339
1339,1358
1340,1363
1340,1340
1340,1413
1340,1542
1341,1526
1341,1341
1341,1342
1341,1839
1342,1380
1342,1343
1343,1344
1343,1507
1343,1572
1343,1343
1344,1344
1344,1345
1344,2394
1344,1930
1345,1346
1345,2507
1346,1346
1346,1347
1346,1367
1346,1624
1347,2064
1347,1348
1347,1382
1348,1348
1348,1349
1349,1522
1349,1349
1349,1350
1349,1461
1351,2353
1351,1652
1351,1528
1351,1351
1351,1464
1351,1914
1351,1402
1352,1353
1352,1914
1353,1354
1354,1355
1354,1414
1354,1354
1354,2107
1355,1441
1355,1356
1357,1498
1357,2171
1357,1357
1358,1736
1358,1546
1358,1804
1358,1880
1358,1557
1358,1566
1358,2083
1358,1833
1358,1638
1358,2612
1358,1589
1358,2615
1358,2365
1358,2366
1358,1857
1358,2627
1358,1604
1358,1606
1358,2359
1358,1358
1358,1623
1358,1627
1358,1629
1358,1374
1358,1632
1358,1888
1358,1894
1358,2492
1358,1646
1358,1725
1358,1427
1358,1470
1358,2168
1358,1727
1358,1412
1358,1416
1358,2444
1358,2446
1358,2450
1358,1731
1358,1430
1358,1687
1358,1689
1358,1520
1358,2212
1358,2476
1358,1709
1358,1714
1358,1711
1358,1721
1358,1466
1358,1723
1358,2451
1358,1471
1358,2241
1358,1986
1358,1483
1358,1480
1358,1738
1358,1739
1358,1742
1358,1492
1358,1495
1358,1752
1358,1753
1358,1754
1358,1761
1358,1762
1358,1765
1358,1776
1358,2547
1359,1360
1359,1464
1359,1359
1360,1360
1360,1361
1360,1899
1360,1478
1360,1441
1360,1896
1360,1959
1360,2621
1360,1902
1361,1362
1361,1398
1362,1464
1362,1362
1362,1535
1363,1363
1364,1365
1365,1365
1365,1366
1365,2538
1365,1941
1366,1545
1366,2670
1366,1366
1367,1552
1367,1699
1367,1798
1367,1623
1367,1624
1367,1367
1368,1368
1368,1369
1369,1369
1369,1443
1370,1441
1370,1525
1370,1370
1370,1421
1371,2212
1371,1372
1372,1914
1372,1373
1373,1373
1374,1375
1375,1706
1376,1376
1376,1377
1376,1652
1376,2182
1376,1759
1377,1377
1377,1914
1377,2069
1378,2058
1378,1378
1378,1379
1378,2029
1378,2150
1379,2564
1379,1380
1380,1451
1380,1380
1380,2150
1381,1381
1381,2359
1382,1382
1382,1383
1382,2175
1382,2076
1382,1503
1383,1384
1383,1742
1384,1385
1384,1506
1384,1389
1385,1385
1385,1474
1385,2291
1386,1386
1386,1387
1386,2570
1386,2671
1387,1558
1388,2181
1388,1841
1388,2180
1388,2074
1388,1388
1388,1631
1389,1546
1389,1389
1389,1390
1389,1725
1390,2248
1390,1391
1392,1392
1392,1393
1392,2216
1392,2212
1392,2213
1394,1394
1394,1395
1394,1494
1394,1487
1395,1682
1395,1395
1395,1396
1395,1602
1395,2266
1395,2267
1396,1396
1396,1397
1396,1399
1396,1501
1397,2068
1398,1528
1398,1398
1399,1399
1399,1400
1399,2267
1399,1869
1399,1487
1400,1401
1401,1401
1401,1530
1401,2460
1402,2132
1402,1402
1402,1403
1402,1914
1403,1403
1404,1405
1405,1406
1405,1894
1405,1479
1405,1405
1406,1510
1406,1407
1407,1509
1408,1408
1408,1409
1409,1409
1409,1620
1409,1829
1410,1410
1410,1494
1411,1459
1411,1412
1412,1412
1412,1483
1412,1527
1413,1414
1413,1936
1413,1931
1413,1413
1413,1542
1414,2269
1414,1414
1414,1415
1415,1441
1415,1415
1416,1602
1416,2054
1416,1927
1416,1416
1416,2423
1416,1570
1416,1517
1416,1655
1416,1922
1417,1443
1417,1702
1417,1417
1417,1418
1417,1419
1419,1436
1419,1419
1419,1420
1420,2394
1420,1420
1420,1421
1420,1975
1421,2260
1421,1975
1421,1421
1421,1422
1421,2109
1422,2248
1423,2472
1423,1423
1424,1424
1424,1810
1425,1425
1425,1452
1425,1789
1426,1426
1426,1427
1426,2596
1427,1712
1427,1427
1427,1428
1427,1527
1428,1428
1428,1429
1428,1510
1428,2509
1428,1534
1429,1534
1429,1429
1429,1430
1429,1484
1430,1431
1431,1432
1432,1605
1432,1432
1432,1433
1433,1433
1433,1834
1433,1486
1433,2569
1434,1434
1435,1435
1435,1436
1435,1906
1435,1566
1437,1438
1437,1639
1438,1605
1439,1869
1439,1439
1440,1440
1441,1441
1441,1442
1441,1901
1441,1902
1441,2034
1441,2375
1441,1881
1441,1624
1441,2585
1441,1692
1441,1954
1441,2527
1442,1443
1442,1597
1443,1443
1443,1444
1443,1702
1443,2684
1444,1568
1444,1444
1444,1445
1444,1471
1445,1928
1445,1446
1446,1447
1447,1927
1448,1561
1448,1623
1448,1448
1448,1449
1449,2683
1450,1450
1450,1451
1450,2156
1451,1452
1452,1452
1452,1529
1453,1453
1453,1558
1453,1479
1454,1666
1454,1455
1455,1456
1455,1537
1457,1457
1457,1458
1457,1537
1458,2175
1459,1770
1459,1459
1460,1992
1460,1460
1460,1461
1460,1469
1461,1545
1461,1462
1462,1462
1462,1463
1462,2558
1463,2133
1463,1623
1463,2249
1463,1463
1463,1695
1463,1967
1464,1521
1464,1464
1464,1465
1464,1973
1465,1466
1465,1701
1467,1467
1468,1907
1468,1468
1468,1469
1468,1602
1469,1472
1469,1692
1469,2025
1469,1498
1469,1469
1469,2349
1470,1953
1470,1555
1470,1470
1470,1825
1470,1911
1471,1471
1472,1472
1472,1473
1472,1692
1473,1473
1473,1474
1473,2707
1473,1573
1473,2706
1474,1474
1474,1475
1474,1529
1475,1475
1475,1556
1475,2470
1476,1476
1477,1577
1477,2066
1477,1477
1478,1483
1478,2108
1478,1478
1478,1479
1479,1479
1479,1480
1479,1708
1480,1481
1480,1483
1481,1481
1481,1519
1482,1683
1482,1482
1482,1483
1482,1914
1483,2113
1483,1735
1483,1483
1483,1484
1483,2450
1483,1776
1483,1490
1483,1620
1483,2045
1484,1635
1484,1484
1484,1485
1485,1525
1486,1589
1486,1557
1486,1486
1486,1487
1487,1488
1487,1616
1487,1487
1488,1488
1488,1489
1488,1558
1488,1914
1489,1810
1490,2089
1490,1490
1490,1491
1491,2684
1492,1499
1492,1492
1493,1618
1493,1494
1494,1494
1495,1496
1495,1495
1496,2153
1497,1497
1497,1810
1497,1614
1498,1498
1498,1692
1499,1776
1499,1499
1500,1538
1500,1500
1501,1745
1501,2163
1501,2227
1501,2228
1501,1501
1501,1502
1502,2176
1502,2241
1502,2162
1502,1503
1502,1502
1502,2207
1503,1504
1503,2244
1503,1503
1503,1839
1504,1505
1504,1647
1505,1505
1505,2123
1505,2094
1505,1778
1505,1705
1505,1725
1506,1506
1506,2254
1507,1507
1507,1645
1508,1655
1508,1508
1508,1509
1508,1846
1509,1510
1510,2336
1510,1510
1510,1511
1512,1512
1512,1911
1513,1513
1513,1514
1513,2459
1513,2045
1514,2186
1515,1515
1515,2291
1516,1546
1516,1516
1517,1628
1517,1517
1518,2351
1518,1518
1518,1519
1519,2387
1519,1976
1519,1519
1520,1520
1520,1562
1520,2581
1520,1718
1521,1521
1522,1986
1522,1522
1522,1523
1522,2682
1523,1524
1524,2408
1524,1524
1525,1637
1525,1525
1526,1622
1526,1526
1526,1527
1526,2425
1526,1583
1527,2480
1527,1527
1527,1528
1527,1658
1527,1644
1528,1528
1529,1529
1529,1530
1529,1935
1530,1653
1530,1795
1530,1530
1530,2238
1531,1531
1531,1966
1532,1634
1532,1532
1533,1688
1533,2671
1533,1533
1534,2563
1534,2108
1534,1534
1534,1535
1535,1536
1535,2153
1535,2155
1535,1535
1536,1536
1536,1537
1537,1537
1538,1616
1538,1538
1538,2185
1538,1655
1539,1592
1539,1540
1540,1628
1540,1540
1540,1635
1541,1542
1542,2497
1542,1542
1542,1543
1542,2508
1542,1931
1542,1932
1542,1933
1542,2065
1542,1943
1542,1577
1542,2045
1543,1958
1543,1543
1543,1544
1544,2058
1545,1545
1546,1546
1546,1547
1547,2168
1548,1810
1548,1548
1549,1954
1549,1549
1549,1550
1549,1901
1550,1568
1550,1562
1550,1550
1550,1557
1551,1623
1551,1572
1551,1551
1552,1552
1552,1553
1552,2086
1552,1640
1553,1553
1553,1554
1553,2375
1553,1826
1554,2688
1554,1554
1554,1555
1554,2452
1554,1657
1554,2686
1555,1824
1555,1555
1555,1556
1557,1586
1557,1557
1558,2259
1558,2340
1558,1558
1558,2045
1559,2250
1559,1559
1560,1560
1560,1561
1560,1779
1561,1562
1561,1767
1562,1563
1563,2635
1564,1624
1564,1564
1564,1623
1565,1568
1565,1565
1565,1709
1566,1566
1566,1723
1566,1567
1567,1568
1567,1952
1567,1874
1567,1567
1568,1568
1568,1569
1568,1625
1569,1569
1569,1634
1569,2581
1570,1570
1570,1571
1572,1623
1572,1572
1572,2045
1573,1573
1573,2630
1574,1697
1574,2211
1574,1670
1574,1574
1574,1575
1575,2647
1576,1576
1576,1581
1577,2609
1577,1605
1577,1577
1577,1578
1577,1607
1579,1824
1579,1579
1579,1580
1580,1602
1580,1669
1580,2054
1580,2199
1580,1580
1580,1581
1581,2306
1581,1581
1581,1815
1582,2400
1582,1583
1583,1986
1583,2025
1583,1995
1583,1583
1583,1584
1583,2009
1583,1625
1584,1584
1584,1640
1585,1585
1585,1586
1585,1653
1586,1586
1586,1610
1587,1587
1587,1660
1588,1628
1588,1588
1588,1589
1589,1589
1589,1725
1590,1590
1591,1592
1591,2303
1592,1840
1592,1792
1592,1972
1592,1592
1592,1914
1593,1698
1593,1593
1593,1594
1595,2243
1595,1596
1596,1721
1597,1597
1598,2177
1598,2420
1598,1598
1598,1599
1599,1600
1599,1716
1599,1604
1599,2442
1599,1599
1601,1602
1601,1739
1602,1602
1602,1603
1602,2604
1602,1838
1602,1628
1603,1986
1604,2450
1604,1604
1604,2366
1605,1605
1605,1606
1606,1612
1606,1606
1607,1608
1607,1931
1607,1607
1608,1608
1608,1609
1608,2124
1609,1609
1609,1704
1610,1723
1610,1865
1610,1610
1610,1611
1611,1612
1611,2125
1613,1957
1613,1614
1614,1929
1614,1626
1614,1614
1615,1616
1615,1701
1616,1616
1616,1919
1616,1849
1616,1623
1617,1618
1617,1732
1618,1618
1618,1788
1618,1773
1619,1825
1619,1619
1619,1620
1619,1700
1619,1903
1620,1620
1620,1621
1620,1743
1620,1646
1620,1726
1621,1813
1621,1622
1622,2227
1622,1622
1622,1623
1622,2478
1623,2326
1623,1670
1623,1998
1623,1623
1623,1624
1623,1871
1623,2080
1623,2085
1623,1837
1623,1783
1623,2296
1623,2045
1623,1778
1624,1699
1624,2081
1624,1773
1624,2318
1624,1624
1624,1785
1624,1810
1625,1625
1625,1626
1625,1677
1627,1627
1627,1749
1627,1725
1628,2054
1628,1838
1628,1680
1628,1628
1628,1629
1628,2182
1629,2176
1629,1629
1630,1880
1630,2228
1630,1974
1630,1630
1630,1631
1631,1632
1631,2181
1632,1632
1632,1756
1632,2444
1633,1634
1634,1634
1634,1635
1634,2358
1635,1635
1635,1636
1635,2251
1636,1665
1636,1636
1636,1701
1636,2139
1636,1821
1637,1637
1637,2069
1638,1639
1639,2679
1639,2670
1639,1639
1640,1640
1640,1641
1640,1775
1641,1641
1641,2494
1642,1642
1642,1643
1643,2248
1644,1644
1644,1661
1645,1810
1645,2436
1645,1645
1645,2285
1646,1646
1647,1650
1647,2243
1647,1698
1647,1647
1648,1649
1648,1737
1649,1966
1650,1650
1650,1902
1651,1656
1651,1772
1651,1651
1651,1652
1652,1652
1652,2071
1653,1653
1653,1654
1653,2399
1654,1665
1654,1810
1654,1654
1654,1655
1654,1874
1654,1951
1655,1671
1655,2135
1655,2382
1655,1839
1655,1810
1655,1909
1655,1655
1655,1656
1656,1656
1656,1778
1656,1782
1657,1657
1657,1658
1657,1827
1657,2687
1658,1659
1658,2019
1659,1660
1659,2546
1659,1711
1660,1660
1661,1769
1661,1661
1661,1917
1662,2394
1662,2123
1662,1662
1663,1664
1663,1697
1663,1663
1664,1664
1664,1665
1664,2146
1664,2147
1664,1701
1665,1665
1665,1666
1665,1806
1666,1666
1666,1667
1666,2230
1666,2471
1666,2041
1666,2001
1667,1667
1668,2274
1668,1668
1668,2453
1669,1669
1669,1807
1670,1670
1670,1671
1671,1905
1671,2034
1671,1671
1671,1672
1671,1703
1672,2580
1673,1674
1674,2608
1674,1674
1674,1675
1674,1900
1675,1729
1675,1914
1675,1675
1675,1676
1676,2228
1676,1973
1676,1849
1676,1914
1676,1676
1676,1677
1677,1713
1677,1843
1677,1677
1677,1791
1678,2036
1678,1678
1679,1680
1679,1679
1680,2056
1680,1681
1681,1681
1681,1682
1681,2084
1681,1928
1681,1986
1682,1682
1682,1817
1682,2266
1682,1790
1683,1683
1683,1974
1684,1684
1685,2168
1685,1756
1685,1685
1685,1686
1685,1757
1687,1761
1687,2578
1687,2607
1687,1687
1688,1688
1688,1689
1688,2664
1688,2679
1689,1736
1689,1690
1690,1691
1690,1851
1692,2562
1692,1830
1692,2475
1692,2001
1692,2199
1692,1692
1692,1693
1693,2499
1693,2133
1693,2681
1693,1693
1694,1695
1695,2131
1695,2133
1695,1695
1696,1697
1696,1898
1697,1697
1697,1698
1697,2251
1698,1699
1699,1699
1700,1701
1701,2313
1701,2314
1701,2573
1701,1810
1701,2195
1701,1941
1701,1820
1701,1950
1701,2591
1701,1701
1701,1702
1701,1963
1701,1708
1701,2485
1701,1846
1701,1986
1701,2500
1701,1863
1701,1864
1701,1866
1701,1867
1701,1868
1701,1869
1701,1870
1701,2255
1701,2265
1701,1894
1701,2045
1702,1702
1702,1703
1703,1703
1703,1964
1703,2509
1703,1966
1703,1969
1703,2034
1703,1907
1703,2260
1703,1785
1703,2238
1704,1704
1704,2075
1704,2268
1704,1709
1705,1705
1705,1706
1705,1772
1705,1770
1706,1707
1707,1954
1708,1708
1708,1709
1709,1750
1709,1709
1709,1710
1710,2359
1710,1721
1710,1710
1710,1711
1711,1712
1711,1717
1711,1719
1711,1711
1712,1712
1712,1713
1712,1734
1713,1713
1714,1714
1714,1715
1714,1719
1715,2418
1715,1715
1715,1716
1716,1745
1716,1749
1716,1716
1716,1717
1717,2560
1717,2561
1717,1717
1717,1718
1718,1718
1718,1719
1719,1720
1719,1719
1720,1720
1720,1721
1720,1731
1720,1744
1721,1721
1721,1722
1722,1722
1722,1723
1722,1740
1723,1723
1723,1724
1724,1927
1724,2216
1724,1724
1724,1725
1725,1742
1725,2596
1725,1829
1725,2414
1725,1805
1725,2446
1725,2359
1725,2651
1725,1725
1726,2083
1726,1726
1726,1727
1727,1727
1728,1728
1728,1729
1728,2555
1728,2338
1729,1729
1729,1740
1730,1730
1730,1731
1731,1731
1731,1732
1732,1732
1732,1733
1732,1895
1732,1848
1732,1741
1733,1740
1733,1733
1733,1734
1733,2093
1734,1734
1734,1735
1734,1737
1734,2415
1735,1735
1735,1736
1735,2045
1735,1743
1736,1763
1736,1736
1736,1737
1737,1737
1737,1738
1737,1887
1738,1738
1738,1739
1739,1986
1739,1750
1739,1740
1739,1739
1739,2220
1740,1801
1740,1740
1740,1741
1740,2415
1740,1745
1740,2451
1740,2390
1740,2391
1740,2373
1741,1882
1741,1741
1741,1742
1742,2466
1742,2503
1742,1742
1742,1743
1742,2514
1742,2446
1742,1758
1743,1744
1743,2113
1743,2450
1743,1743
1744,1745
1745,1745
1745,1751
1745,2596
1746,1746
1746,1747
1746,1748
1747,2220
1747,1748
1748,1760
1748,1748
1748,1749
1749,1749
1749,1758
1750,1750
1750,1765
1750,1751
1750,1755
1751,1751
1752,1752
1752,1753
1753,1753
1754,1754
1754,1755
1754,2525
1755,1755
1755,1756
1756,1756
1756,1757
1757,1801
1757,1757
1758,1758
1758,2444
1758,1759
1759,1810
1759,1759
1760,1760
1760,1761
1761,1761
1761,1762
1761,2176
1761,2175
1762,1762
1762,1763
1762,2492
1763,1763
1764,2546
1764,1764
1764,1765
1765,1765
1765,1766
1765,1831
1765,2633
1765,2359
1765,2444
1765,2221
1766,1886
1766,1766
1766,2597
1767,1767
1768,1768
1768,1769
1768,1991
1769,2052
1769,1769
1769,1770
1770,2080
1770,1770
1770,1771
1771,1771
1771,1772
1771,2327
1772,1779
1772,1798
1772,1786
1772,1772
1772,1773
1773,1782
1773,1773
1774,1775
1775,1779
1775,2046
1775,1790
1775,1775
1776,1776
1776,1777
1776,2324
1776,1784
1777,1777
1777,1778
1777,1782
1777,1784
1777,1787
1778,1778
1778,1779
1778,1782
1778,2328
1779,1779
1779,1780
1780,1789
1780,1780
1780,2045
1780,1781
1781,1781
1781,1782
1781,2094
1782,1782
1782,1783
1782,1998
1782,2045
1783,1784
1784,1856
1784,1797
1784,1784
1785,1785
1785,1786
1785,1787
1786,1786
1786,2082
1787,1808
1787,1797
1787,1787
1787,1788
1787,1791
1788,1801
1788,1788
1788,1789
1789,2262
1789,1789
1789,1805
1790,2489
1790,1790
1790,1791
1791,1792
1791,1912
1791,2300
1791,1791
1792,1793
1793,1794
1794,1794
1794,1795
1794,1796
1795,1795
1795,1796
1795,2297
1796,2298
1796,1796
1796,1797
1797,2032
1797,1797
1798,2529
1798,1798
1798,1799
1798,2026
1799,1820
1799,1799
1800,1800
1800,1801
1800,2018
1801,1801
1802,1802
1802,1803
1802,1804
1803,1803
1803,1804
1804,2389
1804,1804
1804,1805
1805,1856
1805,1806
1805,1805
1806,2305
1806,1806
1807,1808
1807,1812
1807,1807
1808,1808
1809,1809
1809,1810
1809,1811
1810,1986
1810,2243
1810,1869
1810,2163
1810,1948
1810,1810
1810,1811
1810,1812
1810,2305
1810,1819
1810,2348
1810,2034
1810,2360
1811,1812
1812,1859
1812,1812
1812,1813
1813,1813
1814,2230
1814,1814
1814,1815
1815,1816
1815,1944
1815,1815
1816,2464
1816,1817
1817,1818
1818,2305
1818,2008
1818,1818
1818,1819
1819,1819
1819,1950
1820,1820
1820,1821
1821,1873
1821,2409
1821,1821
1822,1822
1822,1823
1823,1824
1823,1864
1823,2332
1823,1823
1824,1824
1824,1825
1824,1826
1824,2681
1824,1827
1825,1825
1825,1826
1825,2029
1826,1826
1826,1827
1826,1828
1826,1902
1827,1827
1827,1828
1828,1828
1828,1829
1829,1829
1829,1899
1829,2173
1830,1852
1830,2307
1830,1830
1830,1831
1831,1831
1832,1833
1833,1833
1833,2562
1834,2377
1834,1834
1834,1835
1835,1835
1835,1836
1835,2157
1835,2158
1836,1836
1837,2068
1837,1837
1838,2072
1838,1838
1839,1839
1839,1842
1840,1840
1840,1841
1840,2232
1841,1841
1841,2197
1841,2311
1841,2056
1842,1842
1842,1843
1842,2405
1842,2185
1842,2155
1842,1979
1843,1843
1844,2099
1844,1844
1844,1845
1845,1846
1846,2355
1846,1846
1846,1847
1846,1852
1847,1848
1847,1882
1847,1850
1847,1847
1848,1848
1848,1849
1848,1972
1849,2017
1849,2050
1849,1849
1849,1850
1850,1850
1850,1851
1851,2050
1851,1851
1851,1852
1851,1919
1852,1853
1853,1854
1854,1855
1855,1856
1855,1909
1856,1856
1856,2026
1856,1950
1857,1857
1857,1858
1858,1859
1859,1860
1861,1862
1862,1862
1862,1863
1863,1864
1864,1986
1864,1864
1864,1865
1865,1865
1865,1866
1865,2367
1866,1866
1867,1867
1867,1868
1867,1894
1868,2004
1868,1868
1868,1869
1869,2304
1869,1869
1869,1870
1869,2213
1870,1873
1870,1875
1870,1870
1870,1871
1871,1872
1871,2034
1871,1871
1873,1873
1873,1874
1874,1874
1874,1875
1874,2501
1875,1875
1875,1876
1876,1876
1877,2570
1877,1877
1878,2256
1878,1878
1878,1879
1879,1973
1879,1974
1879,1879
1879,1880
1879,1977
1880,1880
1880,1881
1881,1881
1881,1958
1882,2547
1882,1882
1882,1883
1884,1954
1884,1978
1884,1884
1884,1885
1885,1885
1885,1886
1885,1958
1886,1887
1887,1888
1888,1888
1889,1889
1889,1890
1889,1891
1889,2034
1889,2001
1889,2130
1890,1891
1891,1891
1892,2332
1892,1892
1892,1893
1892,2199
1893,1914
1893,1894
1894,1894
1894,1895
1894,1929
1894,2610
1894,2136
1894,2117
1895,1896
1895,1898
1896,2216
1896,1896
1896,1897
1896,1902
1897,1898
1898,1898
1898,1899
1899,2497
1899,2203
1899,1899
1899,1900
1900,1900
1901,2285
1901,1901
1902,1960
1902,1902
1903,2592
1903,2481
1903,1904
1903,1903
1904,1904
1904,1905
1904,1960
1905,1906
1905,1915
1906,1906
1906,1907
1906,1966
1907,1907
1907,2279
1907,1986
1907,1983
1908,1984
1908,1908
1908,1909
1908,2010
1908,2014
1908,2261
1909,2306
1909,2419
1909,1909
1909,1910
1909,2021
1910,2251
1910,1911
1911,1911
1911,1912
1912,2385
1912,1912
1912,1913
1912,2394
1913,1913
1913,1914
1914,2457
1914,2135
1914,2520
1914,2649
1914,2278
1914,2608
1914,1973
1914,1914
1914,2109
1914,1919
1915,1915
1915,2473
1916,2155
1916,1916
1916,1917
1917,2458
1917,1917
1918,1918
1918,1919
1919,1973
1919,1975
1919,1919
1920,1920
1920,2051
1920,2388
1920,1926
1921,2232
1921,1921
1921,1922
1921,1999
1922,1923
1923,1924
1924,1924
1924,2517
1925,2618
1925,1925
1925,1926
1926,1926
1926,2310
1926,2364
1927,2059
1927,2116
1927,1927
1927,1928
1927,2034
1928,1928
1928,1929
1928,2344
1929,1929
1930,1930
1930,2155
1931,1931
1931,1932
1932,1936
1932,1932
1932,1933
1933,1936
1933,1933
1934,1934
1934,1935
1935,1936
1935,1935
1936,1936
1937,1937
1937,2138
1938,1939
1939,2145
1939,1940
1940,1940
1940,1941
1941,1941
1941,1942
1942,1945
1942,1942
1942,1943
1943,1944
1944,1950
1944,1944
1944,1945
1944,1946
1945,1945
1945,1946
1946,1946
1946,1947
1947,1947
1947,1948
1947,1950
1948,1948
1948,1949
1949,1949
1950,1950
1950,1951
1951,1952
1951,1951
1952,1952
1952,1953
1952,2033
1952,2204
1953,1953
1953,2553
1954,1954
1954,1955
1954,1956
1954,2241
1955,1955
1955,1956
1955,2235
1956,1956
1956,1957
1957,1957
1957,1958
1957,2699
1957,2207
1958,1958
1959,1959
1959,1960
1960,1960
1960,1961
1961,1961
1961,1962
1961,2516
1962,1962
1962,1963
1963,1964
1964,1971
1964,2059
1964,1964
1965,1965
1965,1966
1965,2357
1966,2388
1966,1966
1967,1968
1967,1967
1968,1968
1968,1969
1968,2136
1968,1983
1969,1969
1969,1970
1970,1970
1970,1971
1971,1971
1971,2238
1972,1972
1972,1973
1973,2485
1973,2001
1973,1973
1973,2132
1974,1974
1974,1975
1975,1976
1975,2151
1975,1975
1976,1976
1976,1977
1977,1978
1978,1978
1979,1979
1979,1980
1979,2405
1980,2281
1980,2282
1980,1980
1980,2178
1981,2099
1981,1981
1981,1982
1982,2017
1982,1983
1983,1984
1983,1983
1984,1984
1984,2023
1985,1985
1986,2691
1986,2326
1986,2568
1986,1995
1986,2063
1986,2325
1986,2582
1986,2077
1986,2338
1986,2083
1986,2303
1986,2477
1986,2236
1986,1986
1986,1987
1986,1998
1986,2004
1986,2002
1986,2001
1986,2412
1986,2544
1986,2555
1986,2301
1986,2430
1987,1987
1987,1988
1987,2114
1988,1989
1989,2532
1989,1990
1991,1992
1991,1991
1992,1992
1993,1993
1993,1994
1993,2351
1994,1994
1994,2438
1995,1995
1995,1996
1996,1996
1996,1997
1996,2063
1997,1997
1997,1998
1998,2385
1998,2045
1998,1998
1998,2319
1999,2000
1999,1999
2000,2000
2000,2009
2001,2123
2001,2001
2001,2002
2001,2259
2002,2002
2002,2003
2003,2003
2003,2004
2003,2044
2003,2122
2004,2004
2004,2037
2005,2006
2006,2651
2006,2006
2007,2008
2008,2008
2009,2009
2009,2010
2010,2071
2010,2010
2010,2011
2010,2030
2011,2011
2011,2012
2011,2317
2011,2035
2012,2012
2013,2394
2013,2013
2013,2014
2014,2014
2015,2016
2015,2102
2015,2015
2016,2016
2016,2019
2017,2017
2017,2018
2017,2279
2017,2178
2018,2018
2018,2178
2019,2019
2020,2020
2020,2021
2020,2022
2021,2418
2021,2021
2021,2022
2021,2053
2022,2188
2022,2022
2023,2024
2023,2164
2023,2145
2023,2023
2024,2386
2024,2024
2024,2025
2024,2156
2025,2025
2025,2026
2025,2045
2025,2360
2025,2418
2025,2295
2025,2170
2026,2026
2026,2027
2027,2230
2027,2027
2027,2028
2029,2029
2029,2030
2030,2436
2030,2030
2031,2112
2031,2031
2032,2033
2033,2033
2033,2034
2033,2041
2034,2117
2034,2127
2034,2295
2034,2039
2034,2130
2034,2034
2034,2550
2034,2120
2034,2035
2035,2265
2035,2035
2035,2036
2036,2036
2037,2037
2037,2038
2038,2038
2039,2040
2039,2039
2040,2119
2040,2040
2040,2041
2040,2637
2041,2041
2041,2042
2041,2043
2042,2043
2043,2044
2044,2130
2044,2045
2045,2048
2045,2327
2045,2079
2045,2096
2045,2082
2045,2681
2045,2143
2045,2045
2045,2046
2046,2046
2046,2078
2046,2047
2047,2047
2048,2048
2048,2049
2048,2078
2049,2050
2049,2181
2050,2051
2051,2051
2051,2052
2051,2266
2052,2155
2052,2052
2052,2189
2053,2172
2053,2053
2054,2131
2054,2182
2054,2054
2054,2055
2054,2057
2054,2074
2055,2056
2055,2055
2056,2576
2056,2197
2056,2056
2056,2057
2056,2140
2057,2058
2058,2058
2058,2233
2059,2575
2059,2059
2059,2261
2060,2061
2062,2062
2063,2064
2063,2247
2063,2063
2064,2065
2065,2065
2065,2122
2066,2121
2066,2066
2066,2067
2067,2067
2067,2068
2068,2069
2068,2068
2069,2069
2069,2070
2070,2388
2070,2070
2070,2101
2071,2259
2071,2485
2071,2071
2072,2072
2072,2073
2073,2073
2073,2186
2073,2198
2074,2074
2075,2075
2075,2077
2076,2668
2076,2076
2076,2077
2077,2091
2077,2667
2077,2077
2077,2078
2078,2403
2078,2324
2078,2078
2078,2079
2079,2539
2079,2079
2080,2080
2080,2084
2080,2218
2080,2143
2081,2081
2082,2082
2083,2113
2083,2083
2083,2168
2083,2647
2083,2167
2084,2084
2084,2085
2085,2085
2085,2086
2086,2106
2086,2107
2086,2086
2087,2088
2087,2090
2087,2087
2088,2088
2089,2089
2089,2090
2090,2090
2090,2091
2091,2091
2091,2119
2092,2093
2093,2093
2094,2184
2094,2094
2094,2095
2095,2096
2095,2144
2095,2095
2096,2096
2096,2097
2097,2097
2097,2098
2099,2426
2099,2099
2100,2100
2101,2101
2102,2102
2102,2103
2103,2152
2103,2178
2103,2103
2104,2105
2105,2106
2106,2107
2107,2107
2107,2108
2108,2109
2109,2109
2109,2110
2110,2394
2110,2110
2110,2111
2112,2112
2112,2113
2112,2165
2113,2113
2114,2114
2114,2115
2114,2484
2115,2115
2115,2117
2115,2118
2116,2116
2117,2357
2117,2519
2117,2117
2118,2118
2118,2119
2119,2120
2120,2120
2120,2121
2120,2362
2121,2121
2121,2122
2121,2123
2122,2122
2122,2123
2122,2383
2123,2123
2123,2124
2124,2124
2124,2125
2124,2126
2125,2125
2125,2126
2126,2129
2126,2577
2126,2126
2126,2127
2127,2128
2127,2127
2128,2129
2129,2129
2129,2130
2130,2176
2130,2629
2130,2376
2130,2130
2130,2131
2131,2131
2131,2133
2132,2132
2132,2133
2133,2133
2133,2134
2133,2182
2134,2282
2134,2293
2134,2135
2135,2135
2136,2136
2136,2178
2137,2137
2137,2138
2138,2138
2138,2707
2139,2139
2139,2141
2140,2140
2140,2141
2141,2141
2141,2142
2143,2143
2144,2144
2144,2329
2144,2330
2145,2145
2145,2329
2146,2146
2146,2147
2146,2189
2147,2147
2147,2148
2147,2149
2148,2148
2148,2149
2150,2150
2151,2152
2151,2151
2152,2153
2153,2153
2154,2154
2154,2155
2155,2155
2155,2156
2155,2416
2155,2262
2156,2156
2156,2157
2157,2160
2157,2209
2157,2157
2158,2159
2159,2160
2159,2161
2159,2159
2160,2160
2160,2209
2161,2161
2162,2162
2162,2163
2162,2343
2162,2312
2163,2163
2164,2164
2164,2165
2165,2280
2165,2165
2165,2316
2166,2166
2167,2168
2168,2168
2168,2169
2169,2169
2170,2170
2171,2172
2172,2180
2172,2172
2173,2173
2174,2175
2175,2175
2176,2176
2177,2177
2177,2367
2178,2178
2178,2179
2178,2182
2180,2180
2180,2181
2181,2277
2181,2181
2181,2182
2181,2197
2182,2182
2182,2219
2182,2418
2182,2296
2182,2234
2183,2184
2183,2197
2183,2183
2184,2185
2185,2280
2185,2185
2185,2186
2186,2203
2186,2200
2186,2186
2186,2187
2187,2187
2187,2302
2188,2189
2189,2266
2189,2189
2189,2190
2190,2191
2192,2192
2192,2194
2193,2194
2193,2195
2194,2194
2195,2312
2195,2195
2196,2196
2196,2197
2197,2197
2198,2198
2198,2202
2198,2199
2198,2231
2199,2203
2199,2199
2199,2200
2199,2347
2200,2200
2201,2201
2201,2202
2201,2217
2202,2277
2202,2202
2202,2203
2203,2451
2203,2329
2203,2203
2204,2204
2204,2205
2205,2205
2205,2206
2206,2206
2206,2207
2207,2207
2208,2209
2209,2209
2210,2210
2210,2653
2211,2211
2212,2212
2212,2214
2213,2213
2213,2214
2214,2533
2214,2214
2214,2215
2215,2216
2215,2215
2216,2216
2216,2217
2217,2388
2217,2217
2218,2218
2219,2219
2219,2220
2220,2220
2220,2476
2220,2507
2221,2221
2221,2525
2222,2223
2222,2222
2223,2224
2223,2223
2224,2224
2224,2225
2225,2225
2225,2226
2226,2226
2227,2227
2227,2229
2227,2309
2228,2228
2228,2229
2228,2394
2228,2395
2229,2394
2229,2229
2229,2230
2230,2231
2230,2230
2231,2232
2231,2292
2232,2232
2232,2233
2233,2233
2233,2234
2233,2268
2235,2235
2235,2236
2236,2236
2236,2237
2236,2238
2237,2237
2237,2239
2238,2240
2238,2645
2238,2239
2238,2238
2238,2335
2240,2240
2240,2241
2240,2464
2240,2434
2240,2399
2241,2241
2241,2242
2241,2339
2242,2243
2242,2540
2243,2243
2243,2246
2244,2244
2244,2247
2245,2245
2245,2246
2245,2247
2246,2476
2246,2246
2246,2509
2247,2579
2247,2247
2247,2248
2247,2519
2248,2248
2248,2250
2248,2671
2248,2518
2248,2249
2249,2672
2249,2249
2249,2250
2249,2393
2250,2250
2250,2251
2251,2251
2252,2252
2252,2253
2252,2382
2254,2255
2256,2256
2257,2258
2257,2555
2259,2259
2260,2260
2260,2261
2261,2262
2262,2263
2263,2355
2263,2263
2264,2265
2265,2265
2266,2266
2267,2267
2268,2305
2268,2291
2268,2268
2269,2269
2269,2270
2269,2592
2270,2374
2270,2270
2270,2271
2271,2272
2272,2273
2273,2274
2274,2274
2274,2275
2274,2485
2275,2275
2276,2276
2276,2277
2277,2277
2278,2278
2279,2280
2279,2279
2280,2280
2281,2281
2281,2282
2281,2405
2282,2295
2282,2282
2282,2283
2283,2283
2284,2284
2284,2286
2285,2285
2286,2286
2286,2287
2287,2288
2287,2528
2287,2287
2288,2288
2288,2289
2289,2289
2289,2290
2290,2464
2290,2290
2291,2291
2291,2292
2291,2319
2292,2293
2293,2294
2293,2293
2294,2294
2295,2295
2295,2296
2296,2296
2297,2297
2297,2298
2297,2299
2299,2464
2299,2299
2300,2301
2301,2302
2302,2303
2303,2304
2303,2303
2304,2304
2304,2412
2305,2305
2305,2306
2306,2306
2306,2307
2307,2307
2307,2308
2307,2443
2308,2308
2309,2309
2310,2310
2311,2311
2312,2312
2313,2313
2313,2314
2314,2314
2315,2316
2317,2475
2317,2317
2317,2318
2318,2319
2319,2320
2319,2319
2320,2320
2320,2321
2321,2321
2321,2364
2322,2323
2323,2324
2324,2324
2324,2325
2325,2508
2325,2325
2326,2326
2327,2327
2328,2329
2329,2329
2329,2330
2330,2330
2330,2511
2331,2504
2331,2331
2332,2335
2332,2332
2332,2333
2333,2333
2334,2413
2334,2334
2335,2336
2335,2640
2335,2524
2335,2348
2335,2337
2335,2335
2336,2336
2336,2376
2337,2338
2338,2339
2339,2339
2339,2340
2339,2542
2340,2341
2342,2343
2343,2344
2344,2423
2344,2344
2344,2345
2345,2346
2346,2346
2346,2347
2346,2349
2346,2358
2347,2347
2347,2348
2348,2348
2348,2349
2349,2358
2349,2349
2349,2590
2350,2350
2350,2351
2351,2352
2351,2351
2352,2352
2352,2353
2353,2353
2353,2354
2355,2355
2355,2356
2355,2357
2356,2356
2357,2358
2357,2490
2357,2357
2358,2358
2358,2590
2359,2359
2359,2360
2359,2554
2360,2360
2360,2361
2362,2363
2363,2364
2364,2472
2364,2364
2365,2366
2365,2503
2365,2365
2366,2366
2367,2368
2367,2370
2367,2371
2367,2367
2368,2368
2368,2369
2369,2369
2370,2370
2370,2371
2371,2371
2372,2372
2372,2373
2374,2375
2375,2375
2375,2376
2376,2376
2377,2378
2378,2472
2378,2379
2379,2379
2380,2380
2380,2381
2381,2381
2381,2398
2382,2382
2382,2383
2383,2498
2383,2383
2383,2384
2383,2386
2385,2385
2385,2386
2386,2386
2387,2498
2387,2387
2387,2587
2388,2388
2388,2553
2389,2389
2390,2448
2390,2390
2390,2391
2391,2392
2391,2391
2392,2392
2392,2641
2392,2452
2393,2393
2394,2531
2394,2394
2394,2395
2394,2396
2395,2395
2395,2396
2396,2396
2396,2397
2397,2398
2398,2471
2398,2399
2399,2401
2399,2399
2400,2400
2400,2401
2401,2401
2402,2402
2403,2403
2404,2405
2405,2405
2406,2406
2407,2408
2407,2407
2408,2409
2409,2410
2409,2482
2411,2412
2412,2412
2413,2413
2413,2414
2413,2597
2414,2415
2415,2415
2416,2416
2417,2418
2418,2418
2418,2419
2419,2419
2419,2631
2419,2420
2421,2422
2422,2653
2422,2423
2423,2423
2423,2424
2424,2425
2424,2453
2425,2425
2426,2427
2427,2427
2428,2429
2430,2430
2431,2432
2433,2434
2434,2434
2434,2435
2435,2435
2436,2436
2437,2482
2437,2437
2437,2438
2438,2439
2439,2440
2439,2439
2440,2440
2440,2441
2440,2442
2441,2442
2441,2460
2442,2442
2442,2522
2443,2443
2444,2444
2444,2445
2445,2445
2446,2446
2446,2503
2447,2448
2447,2447
2448,2448
2449,2450
2450,2450
2450,2451
2451,2451
2451,2685
2452,2452
2453,2453
2454,2454
2454,2455
2455,2455
2455,2456
2456,2457
2457,2457
2457,2458
2458,2459
2459,2460
2459,2554
2460,2461
2462,2463
2463,2464
2463,2463
2464,2464
2464,2465
2464,2496
2465,2465
2466,2466
2466,2467
2467,2468
2469,2469
2469,2470
2470,2470
2471,2471
2472,2472
2473,2473
2473,2474
2474,2474
2474,2647
2475,2475
2476,2651
2476,2476
2476,2477
2478,2479
2480,2480
2480,2481
2481,2482
2481,2690
2482,2483
2483,2484
2484,2484
2485,2485
2486,2513
2486,2486
2486,2487
2487,2488
2488,2489
2490,2490
2491,2491
2491,2492
2491,2510
2492,2492
2493,2493
2494,2494
2495,2595
2495,2495
2496,2497
2497,2497
2498,2498
2498,2499
2499,2500
2500,2500
2500,2501
2501,2501
2501,2502
2503,2654
2503,2503
2504,2504
2504,2505
2506,2507
2507,2507
2508,2508
2508,2509
2509,2519
2509,2509
2510,2511
2512,2513
2514,2514
2515,2515
2515,2516
2515,2583
2516,2516
2517,2517
2518,2518
2518,2519
2518,2538
2519,2519
2519,2520
2520,2520
2520,2524
2521,2522
2522,2522
2522,2523
2523,2523
2524,2524
2524,2525
2525,2526
2526,2527
2528,2528
2529,2530
2530,2530
2530,2531
2530,2614
2530,2641
2530,2652
2532,2533
2534,2534
2534,2535
2535,2536
2535,2574
2537,2537
2538,2673
2538,2538
2538,2539
2539,2632
2539,2539
2539,2540
2541,2541
2542,2543
2543,2551
2543,2543
2544,2545
2546,2546
2547,2547
2548,2549
2550,2551
2552,2553
2553,2553
2554,2554
2555,2555
2555,2556
2556,2556
2556,2557
2556,2558
2557,2558
2558,2558
2559,2560
2560,2560
2561,2562
2562,2563
2563,2564
2564,2564
2564,2646
2565,2565
2565,2566
2566,2567
2567,2568
2569,2569
2569,2570
2570,2570
2570,2700
2571,2572
2572,2573
2573,2573
2574,2575
2576,2576
2576,2577
2577,2578
2578,2579
2579,2579
2579,2580
2580,2580
2581,2581
2582,2582
2582,2583
2584,2585
2585,2586
2587,2588
2589,2590
2590,2590
2591,2591
2592,2592
2593,2594
2594,2595
2596,2596
2596,2597
2597,2597
2598,2599
2599,2599
2600,2601
2601,2602
2603,2609
2603,2604
2604,2604
2605,2606
2607,2608
2608,2608
2609,2609
2610,2611
2612,2612
2613,2614
2614,2614
2615,2694
2615,2615
2616,2616
2617,2618
2619,2620
2621,2622
2623,2624
2624,2625
2624,2701
2626,2627
2626,2701
2628,2629
2630,2630
2631,2632
2633,2634
2634,2635
2634,2636
2634,2693
2636,2636
2637,2638
2639,2640
2641,2641
2642,2642
2642,2652
2643,2644
2645,2645
2646,2647
2647,2647
2648,2648
2648,2649
2649,2650
2651,2651
2651,2652
2652,2652
2653,2653
2654,2654
2654,2655
2656,2656
2657,2658
2659,2660
2661,2661
2661,2662
2662,2662
2662,2663
2663,2664
2665,2666
2667,2667
2667,2668
2668,2668
2668,2669
2670,2670
2670,2671
2671,2671
2671,2672
2671,2673
2671,2675
2671,2678
2673,2673
2673,2674
2674,2674
2674,2675
2675,2675
2675,2676
2676,2677
2677,2678
2678,2678
2679,2680
2679,2679
2680,2681
2681,2681
2682,2682
2683,2684
2684,2685
2685,2685
2685,2686
2686,2687
2687,2688
2688,2688
2689,2689
2690,2691
2691,2692
2693,2694
2694,2695
2695,2696
2697,2698
2698,2699
2700,2701
2701,2702
2702,2703
2704,2705
2706,2706
2706,2707
2707,2707
